{"name":"manikanta_us_group","total_conversations":5,"conversations":[24,10,14,16,15],"active_members":[4,3,4,3,4],"greeting_conversations":[0,0,0,0,0],"avg_conversations_per_week":1,"avg_conversations_per_month":5,"first_user_contribution":[33.333333333333336,40,33.333333333333336,50,50],"second_user_contribution":[33.333333333333336,40,33.333333333333336,37.5,28.571428571428573],"third_user_contribution":[20,20,25,12.5,14.285714285714286],"fourth_user_contribution":[13.333333333333334,0,8.333333333333334,0,7.142857142857143]}